
select id as "abc" from names;
select id as "cba" from names;
select id as 'lmo' from names;
select id as 'klm' from names;
ABC
0
1
2
3
4
5
(6 rows)
CBA
0
1
2
3
4
5
(6 rows)
LMO
0
1
2
3
4
5
(6 rows)
KLM
0
1
2
3
4
5
(6 rows)
