
-- TCT003: coerce string to NUMERIC

select "hello"::numeric from names limit 1;
select * from names where "hello"::numeric = names.id

???
0
(1 row)
ID|FIRSTNAME|LASTNAME
0|Zero|Cool
(1 row)
