
-- TCT000 : coerce string to INTEGER

select "hello"::integer from names limit 1;
select * from names where "hello"::integer = names.id
???
0
(1 row)
ID|FIRSTNAME|LASTNAME
0|Zero|Cool
(1 row)
