select * from (select 1,2,3,4);
select * from (select 2,3,4,5);
???|???|???|???
1|2|3|4
(1 row)
???|???|???|???
2|3|4|5
(1 row)
